{
  "project_info": {
    "project_number": "23137150838",
    "project_id": "yasas-12d7d",
    "storage_bucket": "yasas-12d7d.appspot.com"
  },
  "client": [
    {
      "client_info": {
        "mobilesdk_app_id": "1:23137150838:android:50928d711e486dc33dbc57",
        "android_client_info": {
          "package_name": "com.example.tictactoe"
        }
      },
      "oauth_client": [
        {
          "client_id": "23137150838-gpmklqplr0f2ojg6grddar9vb2ktnj45.apps.googleusercontent.com",
          "client_type": 3
        }
      ],
      "api_key": [
        {
          "current_key": "AIzaSyD1lhIskTDtknfYX9XPxqflqA_8iKRynXA"
        }
      ],
      "services": {
        "appinvite_service": {
          "other_platform_oauth_client": [
            {
              "client_id": "23137150838-gpmklqplr0f2ojg6grddar9vb2ktnj45.apps.googleusercontent.com",
              "client_type": 3
            }
          ]
        }
      }
    }
  ],
  "configuration_version": "1"
}